id,name,locality,timezone,is_mobile,is_monitor,instruments,sensors,bounds,distance,country.id,country.code,country.name,owner.id,owner.name,provider.id,provider.name,coordinates.latitude,coordinates.longitude,datetime_first.utc,datetime_first.local,datetime_last.utc,datetime_last.local
5994,Nairobi CBD,,Africa/Nairobi,False,True,"[{'id': 2, 'name': 'Government Monitor'}]","[{'id': 16244, 'name': 'pm10 µg/m³', 'parameter': {'id': 1, 'name': 'pm10', 'units': 'µg/m³', 'display_name': 'PM10'}}, {'id': 16243, 'name': 'pm25 µg/m³', 'parameter': {'id': 2, 'name': 'pm25', 'units': 'µg/m³', 'display_name': 'PM2.5'}}]","(36.81883, -1.28156, 36.81883, -1.28156)",554.63021338,17,KE,Kenya,4,Unknown Governmental Organization,120,AirNow Kenya,-1.28156,36.81883,2018-04-23T00:00:00Z,2018-04-23T03:00:00+03:00,2018-09-13T21:00:00Z,2018-09-14T00:00:00+03:00
6317,Alliance Girls High,,Africa/Nairobi,False,True,"[{'id': 2, 'name': 'Government Monitor'}]","[{'id': 17575, 'name': 'pm10 µg/m³', 'parameter': {'id': 1, 'name': 'pm10', 'units': 'µg/m³', 'display_name': 'PM10'}}, {'id': 17576, 'name': 'pm25 µg/m³', 'parameter': {'id': 2, 'name': 'pm25', 'units': 'µg/m³', 'display_name': 'PM2.5'}}]","(36.66314, -1.26614, 36.66314, -1.26614)",17289.96136495,17,KE,Kenya,4,Unknown Governmental Organization,120,AirNow Kenya,-1.26614,36.66314,2018-04-21T00:00:00Z,2018-04-21T03:00:00+03:00,2018-11-20T23:00:00Z,2018-11-21T02:00:00+03:00
352507,Nairobi RR,N/A,Africa/Nairobi,False,True,"[{'id': 2, 'name': 'Government Monitor'}]","[{'id': 2002532, 'name': 'pm25 µg/m³', 'parameter': {'id': 2, 'name': 'pm25', 'units': 'µg/m³', 'display_name': 'PM2.5'}}]","(36.81732, -1.23437, 36.81732, -1.23437)",5742.16557345,17,KE,Kenya,4,Unknown Governmental Organization,119,AirNow,-1.23437,36.81732,2022-06-16T17:00:00Z,2022-06-16T20:00:00+03:00,2025-02-12T15:00:00Z,2025-02-12T18:00:00+03:00
2156118,Nairobi,,Africa/Nairobi,False,False,"[{'id': 4, 'name': 'Clarity Sensor'}]","[{'id': 7765850, 'name': 'no2 ppb', 'parameter': {'id': 15, 'name': 'no2', 'units': 'ppb', 'display_name': 'NO₂'}}, {'id': 7765851, 'name': 'pm1 µg/m³', 'parameter': {'id': 19, 'name': 'pm1', 'units': 'µg/m³', 'display_name': 'PM1'}}, {'id': 7765852, 'name': 'pm10 µg/m³', 'parameter': {'id': 1, 'name': 'pm10', 'units': 'µg/m³', 'display_name': 'PM10'}}, {'id': 7765853, 'name': 'pm25 µg/m³', 'parameter': {'id': 2, 'name': 'pm25', 'units': 'µg/m³', 'display_name': 'PM2.5'}}, {'id': 7765855, 'name': 'temperature f', 'parameter': {'id': 128, 'name': 'temperature', 'units': 'f', 'display_name': 'Temperature (F)'}}, {'id': 7765854, 'name': 'temperature c', 'parameter': {'id': 100, 'name': 'temperature', 'units': 'c', 'display_name': 'Temperature (C)'}}]","(36.91271, -1.33159, 36.91271, -1.33159)",11750.01654187,17,KE,Kenya,9,Clarity,166,Clarity,-1.33159,36.91271,2024-01-28T15:00:32Z,2024-01-28T18:00:32+03:00,2025-10-16T05:47:28Z,2025-10-16T08:47:28+03:00
2388059,"Nyayo Embakasi, Nairobi",,Africa/Nairobi,False,False,"[{'id': 7, 'name': 'Unknown AirGradient Sensor'}, {'id': 7, 'name': 'Unknown AirGradient Sensor'}]","[{'id': 7981687, 'name': 'pm1 µg/m³', 'parameter': {'id': 19, 'name': 'pm1', 'units': 'µg/m³', 'display_name': 'PM1'}}, {'id': 7970953, 'name': 'pm1 µg/m³', 'parameter': {'id': 19, 'name': 'pm1', 'units': 'µg/m³', 'display_name': 'PM1'}}, {'id': 7971111, 'name': 'pm10 µg/m³', 'parameter': {'id': 1, 'name': 'pm10', 'units': 'µg/m³', 'display_name': 'PM10'}}, {'id': 7981696, 'name': 'pm10 µg/m³', 'parameter': {'id': 1, 'name': 'pm10', 'units': 'µg/m³', 'display_name': 'PM10'}}, {'id': 7817013, 'name': 'pm25 µg/m³', 'parameter': {'id': 2, 'name': 'pm25', 'units': 'µg/m³', 'display_name': 'PM2.5'}}, {'id': 7971951, 'name': 'relativehumidity %', 'parameter': {'id': 98, 'name': 'relativehumidity', 'units': '%', 'display_name': 'RH'}}, {'id': 7817012, 'name': 'temperature c', 'parameter': {'id': 100, 'name': 'temperature', 'units': 'c', 'display_name': 'Temperature (C)'}}, {'id': 7971957, 'name': 'um003 particles/cm³', 'parameter': {'id': 125, 'name': 'um003', 'units': 'particles/cm³', 'display_name': 'PM0.3 count'}}]","(36.907681, -1.304011, 36.907681, -1.304011)",10258.41193613,17,KE,Kenya,11509,Unknown Person,66,AirGradient,-1.304011,36.907681,2024-02-06T05:00:00Z,2024-02-06T08:00:00+03:00,2024-05-09T18:00:00Z,2024-05-09T21:00:00+03:00
3394396,Nairobi CMR,N/A,Africa/Nairobi,False,True,"[{'id': 2, 'name': 'Government Monitor'}]","[{'id': 12151945, 'name': 'pm25 µg/m³', 'parameter': {'id': 2, 'name': 'pm25', 'units': 'µg/m³', 'display_name': 'PM2.5'}}]","(36.81732, -1.232511, 36.81732, -1.232511)",5947.72357191,17,KE,Kenya,4,Unknown Governmental Organization,119,AirNow,-1.232511,36.81732,2025-02-06T18:00:00Z,2025-02-06T21:00:00+03:00,2025-06-26T10:00:00Z,2025-06-26T13:00:00+03:00
3394397,Nairobi CMR,N/A,Africa/Nairobi,False,True,"[{'id': 2, 'name': 'Government Monitor'}]","[{'id': 12161516, 'name': 'pm25 µg/m³', 'parameter': {'id': 2, 'name': 'pm25', 'units': 'µg/m³', 'display_name': 'PM2.5'}}]","(36.81732, -1.232511, 36.81732, -1.232511)",5947.72357191,17,KE,Kenya,4,Unknown Governmental Organization,119,AirNow,-1.232511,36.81732,2025-02-10T22:00:00Z,2025-02-11T01:00:00+03:00,2025-02-11T21:00:00Z,2025-02-12T00:00:00+03:00
3399524,Nairobi RR,N/A,Africa/Nairobi,False,True,"[{'id': 2, 'name': 'Government Monitor'}]","[{'id': 12167724, 'name': 'pm25 µg/m³', 'parameter': {'id': 2, 'name': 'pm25', 'units': 'µg/m³', 'display_name': 'PM2.5'}}]","(36.80549, -1.22291, 36.80549, -1.22291)",7129.46302208,17,KE,Kenya,4,Unknown Governmental Organization,119,AirNow,-1.22291,36.80549,2025-02-12T13:00:00Z,2025-02-12T16:00:00+03:00,2025-02-17T16:00:00Z,2025-02-17T19:00:00+03:00
5119477,Kitisuru,,Africa/Nairobi,False,False,"[{'id': 24, 'name': 'AirGradient Open Air Generation 1 (O-1PST)'}]","[{'id': 13633454, 'name': 'pm1 µg/m³', 'parameter': {'id': 19, 'name': 'pm1', 'units': 'µg/m³', 'display_name': 'PM1'}}, {'id': 13633455, 'name': 'pm25 µg/m³', 'parameter': {'id': 2, 'name': 'pm25', 'units': 'µg/m³', 'display_name': 'PM2.5'}}, {'id': 13633456, 'name': 'relativehumidity %', 'parameter': {'id': 98, 'name': 'relativehumidity', 'units': '%', 'display_name': 'RH'}}, {'id': 13633457, 'name': 'temperature c', 'parameter': {'id': 100, 'name': 'temperature', 'units': 'c', 'display_name': 'Temperature (C)'}}, {'id': 13633458, 'name': 'um003 particles/cm³', 'parameter': {'id': 125, 'name': 'um003', 'units': 'particles/cm³', 'display_name': 'PM0.3 count'}}]","(36.75807771613854, -1.2252518809076456, 36.75807771613854, -1.2252518809076456)",9426.69961602,17,KE,Kenya,12,AirGradient,66,AirGradient,-1.2252518809076456,36.75807771613854,2025-07-18T13:00:00Z,2025-07-18T16:00:00+03:00,2025-12-09T09:00:00Z,2025-12-09T12:00:00+03:00
5199863,Kihumo Village || Antenna Array,,Africa/Nairobi,False,False,"[{'id': 24, 'name': 'AirGradient Open Air Generation 1 (O-1PST)'}]","[{'id': 13691748, 'name': 'pm1 µg/m³', 'parameter': {'id': 19, 'name': 'pm1', 'units': 'µg/m³', 'display_name': 'PM1'}}, {'id': 13691749, 'name': 'pm25 µg/m³', 'parameter': {'id': 2, 'name': 'pm25', 'units': 'µg/m³', 'display_name': 'PM2.5'}}, {'id': 13691750, 'name': 'relativehumidity %', 'parameter': {'id': 98, 'name': 'relativehumidity', 'units': '%', 'display_name': 'RH'}}, {'id': 13691751, 'name': 'temperature c', 'parameter': {'id': 100, 'name': 'temperature', 'units': 'c', 'display_name': 'Temperature (C)'}}, {'id': 13691752, 'name': 'um003 particles/cm³', 'parameter': {'id': 125, 'name': 'um003', 'units': 'particles/cm³', 'display_name': 'PM0.3 count'}}]","(36.686049384630266, -1.2618359714875163, 36.686049384630266, -1.2618359714875163)",14844.58878202,17,KE,Kenya,16933,The Demography Project,66,AirGradient,-1.2618359714875163,36.686049384630266,2025-07-25T11:00:00Z,2025-07-25T14:00:00+03:00,2026-09-25T08:00:00Z,2026-09-25T11:00:00+03:00
5672958,KENBIFS01,,Africa/Nairobi,False,True,"[{'id': 1, 'name': 'N/A'}, {'id': 13, 'name': 'AIO 2'}, {'id': 18, 'name': 'BAM 1022'}]","[{'id': 14341710, 'name': 'bc_375 ng/m³', 'parameter': {'id': 19861, 'name': 'bc_375', 'units': 'ng/m³', 'display_name': 'BC 375nm'}}, {'id': 14341711, 'name': 'bc_880 ng/m³', 'parameter': {'id': 19865, 'name': 'bc_880', 'units': 'ng/m³', 'display_name': 'BC 880nm'}}, {'id': 14038275, 'name': 'pm25 µg/m³', 'parameter': {'id': 2, 'name': 'pm25', 'units': 'µg/m³', 'display_name': 'PM2.5'}}, {'id': 14038280, 'name': 'pressure hpa', 'parameter': {'id': 95, 'name': 'pressure', 'units': 'hpa', 'display_name': 'Atmospheric pressure'}}, {'id': 14038281, 'name': 'relativehumidity %', 'parameter': {'id': 98, 'name': 'relativehumidity', 'units': '%', 'display_name': 'RH'}}, {'id': 14038282, 'name': 'temperature c', 'parameter': {'id': 100, 'name': 'temperature', 'units': 'c', 'display_name': 'Temperature (C)'}}, {'id': 14341712, 'name': 'wind_direction deg', 'parameter': {'id': 22, 'name': 'wind_direction', 'units': 'deg', 'display_name': 'Wind direction'}}, {'id': 14341713, 'name': 'wind_speed m/s', 'parameter': {'id': 34, 'name': 'wind_speed', 'units': 'm/s', 'display_name': 'Wind speed'}}]","(36.8232, -1.2818, 36.8232, -1.2818)",832.75632438,17,KE,Kenya,1,OpenAQ admin,12,Clean Air Catalyst,-1.2818,36.8232,2024-09-03T14:00:00Z,2024-09-03T17:00:00+03:00,2025-05-31T15:00:00Z,2025-05-31T18:00:00+03:00
5672959,KENBIMLK01,,Africa/Nairobi,False,True,"[{'id': 1, 'name': 'N/A'}, {'id': 13, 'name': 'AIO 2'}, {'id': 18, 'name': 'BAM 1022'}]","[{'id': 14341714, 'name': 'bc_375 ng/m³', 'parameter': {'id': 19861, 'name': 'bc_375', 'units': 'ng/m³', 'display_name': 'BC 375nm'}}, {'id': 14341715, 'name': 'bc_470 ng/m³', 'parameter': {'id': 19862, 'name': 'bc_470', 'units': 'ng/m³', 'display_name': 'BC 470nm'}}, {'id': 14341716, 'name': 'bc_528 ng/m³', 'parameter': {'id': 19863, 'name': 'bc_528', 'units': 'ng/m³', 'display_name': 'BC 528nm'}}, {'id': 14341717, 'name': 'bc_625 ng/m³', 'parameter': {'id': 19864, 'name': 'bc_625', 'units': 'ng/m³', 'display_name': 'BC 625nm'}}, {'id': 14341718, 'name': 'bc_880 ng/m³', 'parameter': {'id': 19865, 'name': 'bc_880', 'units': 'ng/m³', 'display_name': 'BC 880nm'}}, {'id': 14038279, 'name': 'pm25 µg/m³', 'parameter': {'id': 2, 'name': 'pm25', 'units': 'µg/m³', 'display_name': 'PM2.5'}}, {'id': 14038276, 'name': 'pressure hpa', 'parameter': {'id': 95, 'name': 'pressure', 'units': 'hpa', 'display_name': 'Atmospheric pressure'}}, {'id': 14038277, 'name': 'relativehumidity %', 'parameter': {'id': 98, 'name': 'relativehumidity', 'units': '%', 'display_name': 'RH'}}, {'id': 14038278, 'name': 'temperature c', 'parameter': {'id': 100, 'name': 'temperature', 'units': 'c', 'display_name': 'Temperature (C)'}}, {'id': 14341719, 'name': 'wind_direction deg', 'parameter': {'id': 22, 'name': 'wind_direction', 'units': 'deg', 'display_name': 'Wind direction'}}, {'id': 14341720, 'name': 'wind_speed m/s', 'parameter': {'id': 34, 'name': 'wind_speed', 'units': 'm/s', 'display_name': 'Wind speed'}}]","(36.899, -1.2742, 36.899, -1.2742)",9201.46995344,17,KE,Kenya,1,OpenAQ admin,12,Clean Air Catalyst,-1.2742,36.899,2024-09-03T14:00:00Z,2024-09-03T17:00:00+03:00,2025-05-31T15:00:00Z,2025-05-31T18:00:00+03:00
6216058,Mukuru- Pipeline,,Africa/Nairobi,False,False,"[{'id': 26, 'name': 'AirGradient Open Air Max Generation 1 (O-M-1PPST-CE)'}]","[{'id': 15269707, 'name': 'pm1 µg/m³', 'parameter': {'id': 19, 'name': 'pm1', 'units': 'µg/m³', 'display_name': 'PM1'}}, {'id': 15269708, 'name': 'pm25 µg/m³', 'parameter': {'id': 2, 'name': 'pm25', 'units': 'µg/m³', 'display_name': 'PM2.5'}}, {'id': 15269709, 'name': 'relativehumidity %', 'parameter': {'id': 98, 'name': 'relativehumidity', 'units': '%', 'display_name': 'RH'}}, {'id': 15269710, 'name': 'temperature c', 'parameter': {'id': 100, 'name': 'temperature', 'units': 'c', 'display_name': 'Temperature (C)'}}, {'id': 15269711, 'name': 'um003 particles/cm³', 'parameter': {'id': 125, 'name': 'um003', 'units': 'particles/cm³', 'display_name': 'PM0.3 count'}}]","(36.8876, -1.3249, 36.8876, -1.3249)",8922.03140735,17,KE,Kenya,12,AirGradient,66,AirGradient,-1.3249,36.8876,2026-01-26T08:00:00Z,2026-01-26T11:00:00+03:00,2026-02-06T06:00:00Z,2026-02-06T09:00:00+03:00
6236592,Marurui,,Africa/Nairobi,False,False,"[{'id': 7, 'name': 'Unknown AirGradient Sensor'}]","[{'id': 15420153, 'name': 'pm1 µg/m³', 'parameter': {'id': 19, 'name': 'pm1', 'units': 'µg/m³', 'display_name': 'PM1'}}, {'id': 15420154, 'name': 'pm25 µg/m³', 'parameter': {'id': 2, 'name': 'pm25', 'units': 'µg/m³', 'display_name': 'PM2.5'}}, {'id': 15420155, 'name': 'relativehumidity %', 'parameter': {'id': 98, 'name': 'relativehumidity', 'units': '%', 'display_name': 'RH'}}, {'id': 15420156, 'name': 'temperature c', 'parameter': {'id': 100, 'name': 'temperature', 'units': 'c', 'display_name': 'Temperature (C)'}}, {'id': 15420157, 'name': 'um003 particles/cm³', 'parameter': {'id': 125, 'name': 'um003', 'units': 'particles/cm³', 'display_name': 'PM0.3 count'}}]","(36.87397, -1.20912, 36.87397, -1.20912)",10618.40693147,17,KE,Kenya,12,AirGradient,66,AirGradient,-1.20912,36.87397,2026-02-11T15:00:00Z,2026-02-11T18:00:00+03:00,2026-02-23T17:00:00Z,2026-02-23T20:00:00+03:00
6237507,Providence Academy ,,Africa/Nairobi,False,False,"[{'id': 7, 'name': 'Unknown AirGradient Sensor'}]","[{'id': 15427114, 'name': 'pm1 µg/m³', 'parameter': {'id': 19, 'name': 'pm1', 'units': 'µg/m³', 'display_name': 'PM1'}}, {'id': 15427115, 'name': 'pm25 µg/m³', 'parameter': {'id': 2, 'name': 'pm25', 'units': 'µg/m³', 'display_name': 'PM2.5'}}, {'id': 15427116, 'name': 'relativehumidity %', 'parameter': {'id': 98, 'name': 'relativehumidity', 'units': '%', 'display_name': 'RH'}}, {'id': 15427117, 'name': 'temperature c', 'parameter': {'id': 100, 'name': 'temperature', 'units': 'c', 'display_name': 'Temperature (C)'}}, {'id': 15427118, 'name': 'um003 particles/cm³', 'parameter': {'id': 125, 'name': 'um003', 'units': 'particles/cm³', 'display_name': 'PM0.3 count'}}]","(36.881388, -1.230255, 36.881388, -1.230255)",9457.10257654,17,KE,Kenya,12,AirGradient,66,AirGradient,-1.230255,36.881388,2026-02-12T13:00:00Z,2026-02-12T16:00:00+03:00,2026-06-16T07:00:00Z,2026-06-16T10:00:00+03:00
6326576,"Nairobi, University of Nairobi, Parklands Campus, GEOHealth",,Africa/Nairobi,False,True,"[{'id': 18, 'name': 'BAM 1022'}]","[{'id': 16091678, 'name': 'pm25 µg/m³', 'parameter': {'id': 2, 'name': 'pm25', 'units': 'µg/m³', 'display_name': 'PM2.5'}}]","(36.818, -1.26, 36.818, -1.26)",2909.48046236,17,KE,Kenya,23894,GEOHealth Hub for Eastern Africa,441,GeoHealth,-1.26,36.818,2019-08-20T21:00:00Z,2019-08-21T00:00:00+03:00,2023-02-28T20:00:00Z,2023-02-28T23:00:00+03:00
